--------------------------------------------------------
--  File created - viernes-agosto-22-2025   
--------------------------------------------------------
--------------------------------------------------------
--  DDL for Table COLONIA
--------------------------------------------------------

  CREATE TABLE "JREYNAPROGRAMACIONNCAPAS"."COLONIA" 
   (	"IDCOLONIA" NUMBER GENERATED ALWAYS AS IDENTITY MINVALUE 1 MAXVALUE 9999999999999999999999999999 INCREMENT BY 1 START WITH 1 CACHE 20 NOORDER  NOCYCLE  NOKEEP  NOSCALE , 
	"NOMBRE" VARCHAR2(50 BYTE), 
	"CODIGOPOSTAL" VARCHAR2(50 BYTE), 
	"IDMUNICIPIO" NUMBER
   ) SEGMENT CREATION IMMEDIATE 
  PCTFREE 10 PCTUSED 40 INITRANS 1 MAXTRANS 255 
 NOCOMPRESS LOGGING
  STORAGE(INITIAL 65536 NEXT 1048576 MINEXTENTS 1 MAXEXTENTS 2147483645
  PCTINCREASE 0 FREELISTS 1 FREELIST GROUPS 1
  BUFFER_POOL DEFAULT FLASH_CACHE DEFAULT CELL_FLASH_CACHE DEFAULT)
  TABLESPACE "USERS" ;
--------------------------------------------------------
--  DDL for Table DIRECCION
--------------------------------------------------------

  CREATE TABLE "JREYNAPROGRAMACIONNCAPAS"."DIRECCION" 
   (	"IDDIRECCION" NUMBER GENERATED ALWAYS AS IDENTITY MINVALUE 1 MAXVALUE 9999999999999999999999999999 INCREMENT BY 1 START WITH 1 CACHE 20 NOORDER  NOCYCLE  NOKEEP  NOSCALE , 
	"CALLE" VARCHAR2(50 BYTE), 
	"NUMEROINTERIOR" VARCHAR2(20 BYTE), 
	"NUMEROEXTERIOR" VARCHAR2(20 BYTE), 
	"IDCOLONIA" NUMBER, 
	"IDUSUARIO" NUMBER
   ) SEGMENT CREATION IMMEDIATE 
  PCTFREE 10 PCTUSED 40 INITRANS 1 MAXTRANS 255 
 NOCOMPRESS LOGGING
  STORAGE(INITIAL 65536 NEXT 1048576 MINEXTENTS 1 MAXEXTENTS 2147483645
  PCTINCREASE 0 FREELISTS 1 FREELIST GROUPS 1
  BUFFER_POOL DEFAULT FLASH_CACHE DEFAULT CELL_FLASH_CACHE DEFAULT)
  TABLESPACE "USERS" ;
--------------------------------------------------------
--  DDL for Table ESTADO
--------------------------------------------------------

  CREATE TABLE "JREYNAPROGRAMACIONNCAPAS"."ESTADO" 
   (	"IDESTADO" NUMBER GENERATED ALWAYS AS IDENTITY MINVALUE 1 MAXVALUE 9999999999999999999999999999 INCREMENT BY 1 START WITH 1 CACHE 20 NOORDER  NOCYCLE  NOKEEP  NOSCALE , 
	"NOMBRE" VARCHAR2(50 BYTE), 
	"IDPAIS" NUMBER
   ) SEGMENT CREATION IMMEDIATE 
  PCTFREE 10 PCTUSED 40 INITRANS 1 MAXTRANS 255 
 NOCOMPRESS LOGGING
  STORAGE(INITIAL 65536 NEXT 1048576 MINEXTENTS 1 MAXEXTENTS 2147483645
  PCTINCREASE 0 FREELISTS 1 FREELIST GROUPS 1
  BUFFER_POOL DEFAULT FLASH_CACHE DEFAULT CELL_FLASH_CACHE DEFAULT)
  TABLESPACE "USERS" ;
--------------------------------------------------------
--  DDL for Table MUNICIPIO
--------------------------------------------------------

  CREATE TABLE "JREYNAPROGRAMACIONNCAPAS"."MUNICIPIO" 
   (	"IDMUNICIPIO" NUMBER GENERATED ALWAYS AS IDENTITY MINVALUE 1 MAXVALUE 9999999999999999999999999999 INCREMENT BY 1 START WITH 1 CACHE 20 NOORDER  NOCYCLE  NOKEEP  NOSCALE , 
	"NOMBRE" VARCHAR2(50 BYTE), 
	"IDESTADO" NUMBER
   ) SEGMENT CREATION IMMEDIATE 
  PCTFREE 10 PCTUSED 40 INITRANS 1 MAXTRANS 255 
 NOCOMPRESS LOGGING
  STORAGE(INITIAL 65536 NEXT 1048576 MINEXTENTS 1 MAXEXTENTS 2147483645
  PCTINCREASE 0 FREELISTS 1 FREELIST GROUPS 1
  BUFFER_POOL DEFAULT FLASH_CACHE DEFAULT CELL_FLASH_CACHE DEFAULT)
  TABLESPACE "USERS" ;
--------------------------------------------------------
--  DDL for Table PAIS
--------------------------------------------------------

  CREATE TABLE "JREYNAPROGRAMACIONNCAPAS"."PAIS" 
   (	"IDPAIS" NUMBER GENERATED ALWAYS AS IDENTITY MINVALUE 1 MAXVALUE 9999999999999999999999999999 INCREMENT BY 1 START WITH 1 CACHE 20 NOORDER  NOCYCLE  NOKEEP  NOSCALE , 
	"NOMBRE" VARCHAR2(50 BYTE)
   ) SEGMENT CREATION IMMEDIATE 
  PCTFREE 10 PCTUSED 40 INITRANS 1 MAXTRANS 255 
 NOCOMPRESS LOGGING
  STORAGE(INITIAL 65536 NEXT 1048576 MINEXTENTS 1 MAXEXTENTS 2147483645
  PCTINCREASE 0 FREELISTS 1 FREELIST GROUPS 1
  BUFFER_POOL DEFAULT FLASH_CACHE DEFAULT CELL_FLASH_CACHE DEFAULT)
  TABLESPACE "USERS" ;
--------------------------------------------------------
--  DDL for Table ROL
--------------------------------------------------------

  CREATE TABLE "JREYNAPROGRAMACIONNCAPAS"."ROL" 
   (	"IDROL" NUMBER GENERATED ALWAYS AS IDENTITY MINVALUE 1 MAXVALUE 9999999999999999999999999999 INCREMENT BY 1 START WITH 1 CACHE 20 NOORDER  NOCYCLE  NOKEEP  NOSCALE , 
	"NOMBRE" VARCHAR2(50 BYTE)
   ) SEGMENT CREATION IMMEDIATE 
  PCTFREE 10 PCTUSED 40 INITRANS 1 MAXTRANS 255 
 NOCOMPRESS LOGGING
  STORAGE(INITIAL 65536 NEXT 1048576 MINEXTENTS 1 MAXEXTENTS 2147483645
  PCTINCREASE 0 FREELISTS 1 FREELIST GROUPS 1
  BUFFER_POOL DEFAULT FLASH_CACHE DEFAULT CELL_FLASH_CACHE DEFAULT)
  TABLESPACE "USERS" ;
--------------------------------------------------------
--  DDL for Table USUARIOS
--------------------------------------------------------

  CREATE TABLE "JREYNAPROGRAMACIONNCAPAS"."USUARIOS" 
   (	"IDUSER" NUMBER GENERATED ALWAYS AS IDENTITY MINVALUE 1 MAXVALUE 9999999999999999999999999999 INCREMENT BY 1 START WITH 1 CACHE 20 NOORDER  NOCYCLE  NOKEEP  NOSCALE , 
	"NOMBRE" VARCHAR2(20 BYTE), 
	"APELLIDOPATERNO" VARCHAR2(50 BYTE), 
	"FECHANACIMIENTO" DATE, 
	"PASSWORD" VARCHAR2(50 BYTE), 
	"SEXO" CHAR(2 BYTE), 
	"USERNAME" VARCHAR2(30 BYTE), 
	"APELLIDOMATERNO" VARCHAR2(30 BYTE), 
	"EMAIL" VARCHAR2(254 BYTE), 
	"TELEFONO" VARCHAR2(20 BYTE), 
	"CELULAR" VARCHAR2(20 BYTE), 
	"CURP" VARCHAR2(50 BYTE), 
	"IDROL" NUMBER, 
	"IMG" CLOB
   ) SEGMENT CREATION IMMEDIATE 
  PCTFREE 10 PCTUSED 40 INITRANS 1 MAXTRANS 255 
 NOCOMPRESS LOGGING
  STORAGE(INITIAL 65536 NEXT 1048576 MINEXTENTS 1 MAXEXTENTS 2147483645
  PCTINCREASE 0 FREELISTS 1 FREELIST GROUPS 1
  BUFFER_POOL DEFAULT FLASH_CACHE DEFAULT CELL_FLASH_CACHE DEFAULT)
  TABLESPACE "USERS" 
 LOB ("IMG") STORE AS SECUREFILE (
  TABLESPACE "USERS" ENABLE STORAGE IN ROW CHUNK 8192
  NOCACHE LOGGING  NOCOMPRESS  KEEP_DUPLICATES 
  STORAGE(INITIAL 106496 NEXT 1048576 MINEXTENTS 1 MAXEXTENTS 2147483645
  PCTINCREASE 0
  BUFFER_POOL DEFAULT FLASH_CACHE DEFAULT CELL_FLASH_CACHE DEFAULT)) ;
REM INSERTING into JREYNAPROGRAMACIONNCAPAS.COLONIA
SET DEFINE OFF;
Insert into JREYNAPROGRAMACIONNCAPAS.COLONIA (IDCOLONIA,NOMBRE,CODIGOPOSTAL,IDMUNICIPIO) values (1,'SEDUE','34166',1);
Insert into JREYNAPROGRAMACIONNCAPAS.COLONIA (IDCOLONIA,NOMBRE,CODIGOPOSTAL,IDMUNICIPIO) values (2,'SANTA TERERESA','35808',2);
REM INSERTING into JREYNAPROGRAMACIONNCAPAS.DIRECCION
SET DEFINE OFF;
Insert into JREYNAPROGRAMACIONNCAPAS.DIRECCION (IDDIRECCION,CALLE,NUMEROINTERIOR,NUMEROEXTERIOR,IDCOLONIA,IDUSUARIO) values (101,'madroño','138','138',2,141);
Insert into JREYNAPROGRAMACIONNCAPAS.DIRECCION (IDDIRECCION,CALLE,NUMEROINTERIOR,NUMEROEXTERIOR,IDCOLONIA,IDUSUARIO) values (41,'MADROÑO','138','1234',1,81);
Insert into JREYNAPROGRAMACIONNCAPAS.DIRECCION (IDDIRECCION,CALLE,NUMEROINTERIOR,NUMEROEXTERIOR,IDCOLONIA,IDUSUARIO) values (123,'Madrinio','138','138',1,177);
Insert into JREYNAPROGRAMACIONNCAPAS.DIRECCION (IDDIRECCION,CALLE,NUMEROINTERIOR,NUMEROEXTERIOR,IDCOLONIA,IDUSUARIO) values (61,'calle desde el html','123','123',1,101);
Insert into JREYNAPROGRAMACIONNCAPAS.DIRECCION (IDDIRECCION,CALLE,NUMEROINTERIOR,NUMEROEXTERIOR,IDCOLONIA,IDUSUARIO) values (63,'Natlan',null,'2',1,104);
Insert into JREYNAPROGRAMACIONNCAPAS.DIRECCION (IDDIRECCION,CALLE,NUMEROINTERIOR,NUMEROEXTERIOR,IDCOLONIA,IDUSUARIO) values (64,'natlan',null,'24',1,105);
Insert into JREYNAPROGRAMACIONNCAPAS.DIRECCION (IDDIRECCION,CALLE,NUMEROINTERIOR,NUMEROEXTERIOR,IDCOLONIA,IDUSUARIO) values (83,'CALLE 10','123','123',1,124);
Insert into JREYNAPROGRAMACIONNCAPAS.DIRECCION (IDDIRECCION,CALLE,NUMEROINTERIOR,NUMEROEXTERIOR,IDCOLONIA,IDUSUARIO) values (122,'Av. Siempre Viva','2B','742',1,168);
Insert into JREYNAPROGRAMACIONNCAPAS.DIRECCION (IDDIRECCION,CALLE,NUMEROINTERIOR,NUMEROEXTERIOR,IDCOLONIA,IDUSUARIO) values (1,'Madroño',null,'#138',1,46);
Insert into JREYNAPROGRAMACIONNCAPAS.DIRECCION (IDDIRECCION,CALLE,NUMEROINTERIOR,NUMEROEXTERIOR,IDCOLONIA,IDUSUARIO) values (2,'Madroño',null,'#138',1,46);
Insert into JREYNAPROGRAMACIONNCAPAS.DIRECCION (IDDIRECCION,CALLE,NUMEROINTERIOR,NUMEROEXTERIOR,IDCOLONIA,IDUSUARIO) values (3,'Principal',null,'#1156152',2,13);
Insert into JREYNAPROGRAMACIONNCAPAS.DIRECCION (IDDIRECCION,CALLE,NUMEROINTERIOR,NUMEROEXTERIOR,IDCOLONIA,IDUSUARIO) values (4,'Principal',null,'#1156',2,13);
Insert into JREYNAPROGRAMACIONNCAPAS.DIRECCION (IDDIRECCION,CALLE,NUMEROINTERIOR,NUMEROEXTERIOR,IDCOLONIA,IDUSUARIO) values (5,'Cerceta','#5245','#A452',2,5);
Insert into JREYNAPROGRAMACIONNCAPAS.DIRECCION (IDDIRECCION,CALLE,NUMEROINTERIOR,NUMEROEXTERIOR,IDCOLONIA,IDUSUARIO) values (6,'otraCalle',null,'#13425',1,8);
Insert into JREYNAPROGRAMACIONNCAPAS.DIRECCION (IDDIRECCION,CALLE,NUMEROINTERIOR,NUMEROEXTERIOR,IDCOLONIA,IDUSUARIO) values (10,'Av. Juárez','12B','524',1,43);
Insert into JREYNAPROGRAMACIONNCAPAS.DIRECCION (IDDIRECCION,CALLE,NUMEROINTERIOR,NUMEROEXTERIOR,IDCOLONIA,IDUSUARIO) values (11,'Calle Hidalgo',null,'1342',2,54);
Insert into JREYNAPROGRAMACIONNCAPAS.DIRECCION (IDDIRECCION,CALLE,NUMEROINTERIOR,NUMEROEXTERIOR,IDCOLONIA,IDUSUARIO) values (12,'Av. Revolución','A3','1156',1,12);
Insert into JREYNAPROGRAMACIONNCAPAS.DIRECCION (IDDIRECCION,CALLE,NUMEROINTERIOR,NUMEROEXTERIOR,IDCOLONIA,IDUSUARIO) values (13,'Calle Allende',null,'982',2,58);
Insert into JREYNAPROGRAMACIONNCAPAS.DIRECCION (IDDIRECCION,CALLE,NUMEROINTERIOR,NUMEROEXTERIOR,IDCOLONIA,IDUSUARIO) values (14,'Blvd. Durango','4C','211',1,13);
Insert into JREYNAPROGRAMACIONNCAPAS.DIRECCION (IDDIRECCION,CALLE,NUMEROINTERIOR,NUMEROEXTERIOR,IDCOLONIA,IDUSUARIO) values (15,'Av. 20 de Noviembre',null,'350',2,58);
Insert into JREYNAPROGRAMACIONNCAPAS.DIRECCION (IDDIRECCION,CALLE,NUMEROINTERIOR,NUMEROEXTERIOR,IDCOLONIA,IDUSUARIO) values (16,'Calle Victoria','B1','675',1,43);
Insert into JREYNAPROGRAMACIONNCAPAS.DIRECCION (IDDIRECCION,CALLE,NUMEROINTERIOR,NUMEROEXTERIOR,IDCOLONIA,IDUSUARIO) values (17,'Calle Negrete',null,'890',2,11);
Insert into JREYNAPROGRAMACIONNCAPAS.DIRECCION (IDDIRECCION,CALLE,NUMEROINTERIOR,NUMEROEXTERIOR,IDCOLONIA,IDUSUARIO) values (18,'Av. Universidad','A2','1420',1,11);
Insert into JREYNAPROGRAMACIONNCAPAS.DIRECCION (IDDIRECCION,CALLE,NUMEROINTERIOR,NUMEROEXTERIOR,IDCOLONIA,IDUSUARIO) values (19,'Calle Morelos',null,'763',2,46);
Insert into JREYNAPROGRAMACIONNCAPAS.DIRECCION (IDDIRECCION,CALLE,NUMEROINTERIOR,NUMEROEXTERIOR,IDCOLONIA,IDUSUARIO) values (20,'Calle Pino Suárez','3D','2154',1,12);
Insert into JREYNAPROGRAMACIONNCAPAS.DIRECCION (IDDIRECCION,CALLE,NUMEROINTERIOR,NUMEROEXTERIOR,IDCOLONIA,IDUSUARIO) values (21,'Blvd. Felipe Pescador',null,'876',2,11);
Insert into JREYNAPROGRAMACIONNCAPAS.DIRECCION (IDDIRECCION,CALLE,NUMEROINTERIOR,NUMEROEXTERIOR,IDCOLONIA,IDUSUARIO) values (22,'Av. Patoni','5B','1024',1,59);
Insert into JREYNAPROGRAMACIONNCAPAS.DIRECCION (IDDIRECCION,CALLE,NUMEROINTERIOR,NUMEROEXTERIOR,IDCOLONIA,IDUSUARIO) values (24,'Blvd. Guadiana','C1','3345',1,7);
Insert into JREYNAPROGRAMACIONNCAPAS.DIRECCION (IDDIRECCION,CALLE,NUMEROINTERIOR,NUMEROEXTERIOR,IDCOLONIA,IDUSUARIO) values (62,'teodoro dehesa',null,'56',1,102);
REM INSERTING into JREYNAPROGRAMACIONNCAPAS.ESTADO
SET DEFINE OFF;
Insert into JREYNAPROGRAMACIONNCAPAS.ESTADO (IDESTADO,NOMBRE,IDPAIS) values (5,'Durango',3);
Insert into JREYNAPROGRAMACIONNCAPAS.ESTADO (IDESTADO,NOMBRE,IDPAIS) values (6,'Nuevo Leon',3);
REM INSERTING into JREYNAPROGRAMACIONNCAPAS.MUNICIPIO
SET DEFINE OFF;
Insert into JREYNAPROGRAMACIONNCAPAS.MUNICIPIO (IDMUNICIPIO,NOMBRE,IDESTADO) values (1,'Victoria de Durango',5);
Insert into JREYNAPROGRAMACIONNCAPAS.MUNICIPIO (IDMUNICIPIO,NOMBRE,IDESTADO) values (2,'Cuencame de Ceniceros',5);
REM INSERTING into JREYNAPROGRAMACIONNCAPAS.PAIS
SET DEFINE OFF;
Insert into JREYNAPROGRAMACIONNCAPAS.PAIS (IDPAIS,NOMBRE) values (3,'México');
Insert into JREYNAPROGRAMACIONNCAPAS.PAIS (IDPAIS,NOMBRE) values (4,'Irlanda');
REM INSERTING into JREYNAPROGRAMACIONNCAPAS.ROL
SET DEFINE OFF;
Insert into JREYNAPROGRAMACIONNCAPAS.ROL (IDROL,NOMBRE) values (1,'Admin');
Insert into JREYNAPROGRAMACIONNCAPAS.ROL (IDROL,NOMBRE) values (2,'Standard');
REM INSERTING into JREYNAPROGRAMACIONNCAPAS.USUARIOS
SET DEFINE OFF;
Insert into JREYNAPROGRAMACIONNCAPAS.USUARIOS (IDUSER,NOMBRE,APELLIDOPATERNO,FECHANACIMIENTO,PASSWORD,SEXO,USERNAME,APELLIDOMATERNO,EMAIL,TELEFONO,CELULAR,CURP,IDROL) values (141,'Aracely','Ara',to_date('05-AUG-25','DD-MON-RR'),'Prueba2025!','F ','Araara','Ara','ara@gmail.com','(123)4','(123)4','arara',2);
Insert into JREYNAPROGRAMACIONNCAPAS.USUARIOS (IDUSER,NOMBRE,APELLIDOPATERNO,FECHANACIMIENTO,PASSWORD,SEXO,USERNAME,APELLIDOMATERNO,EMAIL,TELEFONO,CELULAR,CURP,IDROL) values (81,'Claudia','Gonzalez',to_date('08-SEP-76','DD-MON-RR'),'1234','F ','Claudita123','Rodriguez','claudita123@gmail.com','6181478523','618147853','CORG760908MMHA3',1);
Insert into JREYNAPROGRAMACIONNCAPAS.USUARIOS (IDUSER,NOMBRE,APELLIDOPATERNO,FECHANACIMIENTO,PASSWORD,SEXO,USERNAME,APELLIDOMATERNO,EMAIL,TELEFONO,CELULAR,CURP,IDROL) values (177,'Adriel Alejandro ','Reyna ',to_date('08-AUG-03','DD-MON-RR'),'Prueba2025!','M ','Adriel1234','Gonzalez','adrielAlejandro@gmail.com','(618)301006-0060','(619)310006-0060','REGA210508HDGYNASD',1);
Insert into JREYNAPROGRAMACIONNCAPAS.USUARIOS (IDUSER,NOMBRE,APELLIDOPATERNO,FECHANACIMIENTO,PASSWORD,SEXO,USERNAME,APELLIDOMATERNO,EMAIL,TELEFONO,CELULAR,CURP,IDROL) values (101,'Jose Samuel','Reyna',to_date('07-AUG-25','DD-MON-RR'),'1234','M ','SamuelRG1234567889776','Gonzalez','samuel123@eaf','1234','1234','regs030808',1);
Insert into JREYNAPROGRAMACIONNCAPAS.USUARIOS (IDUSER,NOMBRE,APELLIDOPATERNO,FECHANACIMIENTO,PASSWORD,SEXO,USERNAME,APELLIDOMATERNO,EMAIL,TELEFONO,CELULAR,CURP,IDROL) values (5,'jorge eduardo','reyn',to_date('29-NOV-01','DD-MON-RR'),'1234','M ','reynaeduardo123456','gonzalez','eduardo12345@gmail.com','1234','1234','REGESSF',1);
Insert into JREYNAPROGRAMACIONNCAPAS.USUARIOS (IDUSER,NOMBRE,APELLIDOPATERNO,FECHANACIMIENTO,PASSWORD,SEXO,USERNAME,APELLIDOMATERNO,EMAIL,TELEFONO,CELULAR,CURP,IDROL) values (46,'samuel','reyna',to_date('08-OCT-02','DD-MON-RR'),'12134','M ','sreyna46',null,'sreyna46@gmail.com','12134',null,'SARE',1);
Insert into JREYNAPROGRAMACIONNCAPAS.USUARIOS (IDUSER,NOMBRE,APELLIDOPATERNO,FECHANACIMIENTO,PASSWORD,SEXO,USERNAME,APELLIDOMATERNO,EMAIL,TELEFONO,CELULAR,CURP,IDROL) values (7,'Claudia','Gonzalez',to_date('08-SEP-76','DD-MON-RR'),'1234','F ','cgonzalez7',null,'cgonzalez7@gmail.com','1234',null,'CLGOM',1);
Insert into JREYNAPROGRAMACIONNCAPAS.USUARIOS (IDUSER,NOMBRE,APELLIDOPATERNO,FECHANACIMIENTO,PASSWORD,SEXO,USERNAME,APELLIDOMATERNO,EMAIL,TELEFONO,CELULAR,CURP,IDROL) values (8,'Pedro','Garcia',to_date('26-AUG-05','DD-MON-RR'),'1234','M ','pgarcia8',null,'pgarcia8@gmail.com','1234',null,'PEGAH',1);
Insert into JREYNAPROGRAMACIONNCAPAS.USUARIOS (IDUSER,NOMBRE,APELLIDOPATERNO,FECHANACIMIENTO,PASSWORD,SEXO,USERNAME,APELLIDOMATERNO,EMAIL,TELEFONO,CELULAR,CURP,IDROL) values (9,'Miriam','Garcia',to_date('13-MAR-97','DD-MON-RR'),'1234','F ','mgarcia9',null,'mgarcia9@gmail.com','1234',null,'MIGAM',1);
Insert into JREYNAPROGRAMACIONNCAPAS.USUARIOS (IDUSER,NOMBRE,APELLIDOPATERNO,FECHANACIMIENTO,PASSWORD,SEXO,USERNAME,APELLIDOMATERNO,EMAIL,TELEFONO,CELULAR,CURP,IDROL) values (47,'Samuel','Reyna',to_date('08-AUG-05','DD-MON-RR'),'1234','M ','sreyna47',null,'sreyna47@gmail.com','1234',null,'SARE',2);
Insert into JREYNAPROGRAMACIONNCAPAS.USUARIOS (IDUSER,NOMBRE,APELLIDOPATERNO,FECHANACIMIENTO,PASSWORD,SEXO,USERNAME,APELLIDOMATERNO,EMAIL,TELEFONO,CELULAR,CURP,IDROL) values (11,'Amy','Vega',to_date('03-OCT-02','DD-MON-RR'),'1234','F ','avega11',null,'avega11@gmail.com','1234',null,'AMVEH',2);
Insert into JREYNAPROGRAMACIONNCAPAS.USUARIOS (IDUSER,NOMBRE,APELLIDOPATERNO,FECHANACIMIENTO,PASSWORD,SEXO,USERNAME,APELLIDOMATERNO,EMAIL,TELEFONO,CELULAR,CURP,IDROL) values (12,'Rocio','Contreras',to_date('05-DEC-08','DD-MON-RR'),'1234','F ','rcontreras12',null,'rcontreras12@gmail.com','1234',null,'ROCOM',2);
Insert into JREYNAPROGRAMACIONNCAPAS.USUARIOS (IDUSER,NOMBRE,APELLIDOPATERNO,FECHANACIMIENTO,PASSWORD,SEXO,USERNAME,APELLIDOMATERNO,EMAIL,TELEFONO,CELULAR,CURP,IDROL) values (13,'Yareli','Solis',to_date('14-FEB-96','DD-MON-RR'),'1234','F ','ysolis13',null,'ysolis13@gmail.com','1234',null,'YASOM',2);
Insert into JREYNAPROGRAMACIONNCAPAS.USUARIOS (IDUSER,NOMBRE,APELLIDOPATERNO,FECHANACIMIENTO,PASSWORD,SEXO,USERNAME,APELLIDOMATERNO,EMAIL,TELEFONO,CELULAR,CURP,IDROL) values (48,'samuel','reyna',to_date('08-AUG-09','DD-MON-RR'),'1234','M ','sreyna48',null,'sreyna48@gmail.com','1234',null,'SARE',2);
Insert into JREYNAPROGRAMACIONNCAPAS.USUARIOS (IDUSER,NOMBRE,APELLIDOPATERNO,FECHANACIMIENTO,PASSWORD,SEXO,USERNAME,APELLIDOMATERNO,EMAIL,TELEFONO,CELULAR,CURP,IDROL) values (54,'jsamuel','reynag',to_date('08-OCT-03','DD-MON-RR'),'21','M ','jreynag54',null,'jreynag54@gmail.com','21',null,'JSREH',1);
Insert into JREYNAPROGRAMACIONNCAPAS.USUARIOS (IDUSER,NOMBRE,APELLIDOPATERNO,FECHANACIMIENTO,PASSWORD,SEXO,USERNAME,APELLIDOMATERNO,EMAIL,TELEFONO,CELULAR,CURP,IDROL) values (55,'jsamuel','reynag',to_date('08-OCT-03','DD-MON-RR'),'21','M ','jreynag55',null,'jreynag55@gmail.com','21',null,'JSREH',2);
Insert into JREYNAPROGRAMACIONNCAPAS.USUARIOS (IDUSER,NOMBRE,APELLIDOPATERNO,FECHANACIMIENTO,PASSWORD,SEXO,USERNAME,APELLIDOMATERNO,EMAIL,TELEFONO,CELULAR,CURP,IDROL) values (104,'Citali','Genshin',to_date('07-AUG-25','DD-MON-RR'),'1234','F ','Citlaligi','Impact','Citlali@homail.com','1234','1234','citlali123457877',1);
Insert into JREYNAPROGRAMACIONNCAPAS.USUARIOS (IDUSER,NOMBRE,APELLIDOPATERNO,FECHANACIMIENTO,PASSWORD,SEXO,USERNAME,APELLIDOMATERNO,EMAIL,TELEFONO,CELULAR,CURP,IDROL) values (105,'Mavuika','Natlan',to_date('07-AUG-25','DD-MON-RR'),'1234','F ','Mavuika21',null,'Mavuika@hotmail.com','1234','12345','rege',1);
Insert into JREYNAPROGRAMACIONNCAPAS.USUARIOS (IDUSER,NOMBRE,APELLIDOPATERNO,FECHANACIMIENTO,PASSWORD,SEXO,USERNAME,APELLIDOMATERNO,EMAIL,TELEFONO,CELULAR,CURP,IDROL) values (124,'Amsy Jerussa','Vega',to_date('12-AUG-25','DD-MON-RR'),'Prueba2025!','F ','Meimei','Lopez','a3e2@a.com','(212)3','(123)1','JERUVEGA',1);
Insert into JREYNAPROGRAMACIONNCAPAS.USUARIOS (IDUSER,NOMBRE,APELLIDOPATERNO,FECHANACIMIENTO,PASSWORD,SEXO,USERNAME,APELLIDOMATERNO,EMAIL,TELEFONO,CELULAR,CURP,IDROL) values (165,'Juan','Perez',to_date('01-JAN-90','DD-MON-RR'),'1234','M ','juanp','Lopez','juan@example.com','5551234567','5559876543','CURP123456',1);
Insert into JREYNAPROGRAMACIONNCAPAS.USUARIOS (IDUSER,NOMBRE,APELLIDOPATERNO,FECHANACIMIENTO,PASSWORD,SEXO,USERNAME,APELLIDOMATERNO,EMAIL,TELEFONO,CELULAR,CURP,IDROL) values (168,'Juan','Perez',to_date('01-JAN-90','DD-MON-RR'),'1234','M ','juanp1','Lopez','juan1@example.com','5551234567','5559876543','CURP123456',1);
Insert into JREYNAPROGRAMACIONNCAPAS.USUARIOS (IDUSER,NOMBRE,APELLIDOPATERNO,FECHANACIMIENTO,PASSWORD,SEXO,USERNAME,APELLIDOMATERNO,EMAIL,TELEFONO,CELULAR,CURP,IDROL) values (56,'samuek','rg',to_date('08-AUG-03','DD-MON-RR'),'21','M ','srg56',null,'srg56@gmail.com','21',null,'SARG',1);
Insert into JREYNAPROGRAMACIONNCAPAS.USUARIOS (IDUSER,NOMBRE,APELLIDOPATERNO,FECHANACIMIENTO,PASSWORD,SEXO,USERNAME,APELLIDOMATERNO,EMAIL,TELEFONO,CELULAR,CURP,IDROL) values (61,'jorge','reyna',to_date('21-NOV-01','DD-MON-RR'),'1242','M ','djaskjgkd','glez','eduardoglez@gmail.com','1234','1234','curp',1);
Insert into JREYNAPROGRAMACIONNCAPAS.USUARIOS (IDUSER,NOMBRE,APELLIDOPATERNO,FECHANACIMIENTO,PASSWORD,SEXO,USERNAME,APELLIDOMATERNO,EMAIL,TELEFONO,CELULAR,CURP,IDROL) values (58,'samuel','rg',to_date('08-AUG-03','DD-MON-RR'),'1234','M ','srg58',null,'srg58@gmail.com','1234',null,'SARG',2);
Insert into JREYNAPROGRAMACIONNCAPAS.USUARIOS (IDUSER,NOMBRE,APELLIDOPATERNO,FECHANACIMIENTO,PASSWORD,SEXO,USERNAME,APELLIDOMATERNO,EMAIL,TELEFONO,CELULAR,CURP,IDROL) values (59,'samuel','rg',to_date('08-AUG-02','DD-MON-RR'),'1234','M ','srg59',null,'srg59@gmail.com','1234',null,'SARG',2);
Insert into JREYNAPROGRAMACIONNCAPAS.USUARIOS (IDUSER,NOMBRE,APELLIDOPATERNO,FECHANACIMIENTO,PASSWORD,SEXO,USERNAME,APELLIDOMATERNO,EMAIL,TELEFONO,CELULAR,CURP,IDROL) values (43,'jsamuel','reynag',to_date('08-OCT-03','DD-MON-RR'),'1234','M ','jreynag43',null,'jreynag43@gmail.com','1234',null,'JSREH',1);
Insert into JREYNAPROGRAMACIONNCAPAS.USUARIOS (IDUSER,NOMBRE,APELLIDOPATERNO,FECHANACIMIENTO,PASSWORD,SEXO,USERNAME,APELLIDOMATERNO,EMAIL,TELEFONO,CELULAR,CURP,IDROL) values (64,'Eduardo','reyna',to_date('29-NOV-01','DD-MON-RR'),'1234','M ','121edurg','gonzalez','eduardo12341129@gmail.com','1234','1234','rege',1);
Insert into JREYNAPROGRAMACIONNCAPAS.USUARIOS (IDUSER,NOMBRE,APELLIDOPATERNO,FECHANACIMIENTO,PASSWORD,SEXO,USERNAME,APELLIDOMATERNO,EMAIL,TELEFONO,CELULAR,CURP,IDROL) values (102,'Amsy','Vega',to_date('07-AUG-25','DD-MON-RR'),'1234','M ','AmsyVega','Lopez','amy.7@gmail.com','61831006','12234','amyy',1);
--------------------------------------------------------
--  DDL for Index SYS_C007757
--------------------------------------------------------

  CREATE UNIQUE INDEX "JREYNAPROGRAMACIONNCAPAS"."SYS_C007757" ON "JREYNAPROGRAMACIONNCAPAS"."COLONIA" ("IDCOLONIA") 
  PCTFREE 10 INITRANS 2 MAXTRANS 255 
  STORAGE(INITIAL 65536 NEXT 1048576 MINEXTENTS 1 MAXEXTENTS 2147483645
  PCTINCREASE 0 FREELISTS 1 FREELIST GROUPS 1
  BUFFER_POOL DEFAULT FLASH_CACHE DEFAULT CELL_FLASH_CACHE DEFAULT)
  TABLESPACE "USERS" ;
--------------------------------------------------------
--  DDL for Index SYS_C007763
--------------------------------------------------------

  CREATE UNIQUE INDEX "JREYNAPROGRAMACIONNCAPAS"."SYS_C007763" ON "JREYNAPROGRAMACIONNCAPAS"."DIRECCION" ("IDDIRECCION") 
  PCTFREE 10 INITRANS 2 MAXTRANS 255 
  STORAGE(INITIAL 65536 NEXT 1048576 MINEXTENTS 1 MAXEXTENTS 2147483645
  PCTINCREASE 0 FREELISTS 1 FREELIST GROUPS 1
  BUFFER_POOL DEFAULT FLASH_CACHE DEFAULT CELL_FLASH_CACHE DEFAULT)
  TABLESPACE "USERS" ;
--------------------------------------------------------
--  DDL for Index SYS_C007748
--------------------------------------------------------

  CREATE UNIQUE INDEX "JREYNAPROGRAMACIONNCAPAS"."SYS_C007748" ON "JREYNAPROGRAMACIONNCAPAS"."ESTADO" ("IDESTADO") 
  PCTFREE 10 INITRANS 2 MAXTRANS 255 
  STORAGE(INITIAL 65536 NEXT 1048576 MINEXTENTS 1 MAXEXTENTS 2147483645
  PCTINCREASE 0 FREELISTS 1 FREELIST GROUPS 1
  BUFFER_POOL DEFAULT FLASH_CACHE DEFAULT CELL_FLASH_CACHE DEFAULT)
  TABLESPACE "USERS" ;
--------------------------------------------------------
--  DDL for Index SYS_C007752
--------------------------------------------------------

  CREATE UNIQUE INDEX "JREYNAPROGRAMACIONNCAPAS"."SYS_C007752" ON "JREYNAPROGRAMACIONNCAPAS"."MUNICIPIO" ("IDMUNICIPIO") 
  PCTFREE 10 INITRANS 2 MAXTRANS 255 
  STORAGE(INITIAL 65536 NEXT 1048576 MINEXTENTS 1 MAXEXTENTS 2147483645
  PCTINCREASE 0 FREELISTS 1 FREELIST GROUPS 1
  BUFFER_POOL DEFAULT FLASH_CACHE DEFAULT CELL_FLASH_CACHE DEFAULT)
  TABLESPACE "USERS" ;
--------------------------------------------------------
--  DDL for Index SYS_C007745
--------------------------------------------------------

  CREATE UNIQUE INDEX "JREYNAPROGRAMACIONNCAPAS"."SYS_C007745" ON "JREYNAPROGRAMACIONNCAPAS"."PAIS" ("IDPAIS") 
  PCTFREE 10 INITRANS 2 MAXTRANS 255 
  STORAGE(INITIAL 65536 NEXT 1048576 MINEXTENTS 1 MAXEXTENTS 2147483645
  PCTINCREASE 0 FREELISTS 1 FREELIST GROUPS 1
  BUFFER_POOL DEFAULT FLASH_CACHE DEFAULT CELL_FLASH_CACHE DEFAULT)
  TABLESPACE "USERS" ;
--------------------------------------------------------
--  DDL for Index SYS_C007741
--------------------------------------------------------

  CREATE UNIQUE INDEX "JREYNAPROGRAMACIONNCAPAS"."SYS_C007741" ON "JREYNAPROGRAMACIONNCAPAS"."ROL" ("IDROL") 
  PCTFREE 10 INITRANS 2 MAXTRANS 255 
  STORAGE(INITIAL 65536 NEXT 1048576 MINEXTENTS 1 MAXEXTENTS 2147483645
  PCTINCREASE 0 FREELISTS 1 FREELIST GROUPS 1
  BUFFER_POOL DEFAULT FLASH_CACHE DEFAULT CELL_FLASH_CACHE DEFAULT)
  TABLESPACE "USERS" ;
--------------------------------------------------------
--  DDL for Index SYS_C007759
--------------------------------------------------------

  CREATE UNIQUE INDEX "JREYNAPROGRAMACIONNCAPAS"."SYS_C007759" ON "JREYNAPROGRAMACIONNCAPAS"."USUARIOS" ("IDUSER") 
  PCTFREE 10 INITRANS 2 MAXTRANS 255 COMPUTE STATISTICS 
  STORAGE(INITIAL 65536 NEXT 1048576 MINEXTENTS 1 MAXEXTENTS 2147483645
  PCTINCREASE 0 FREELISTS 1 FREELIST GROUPS 1
  BUFFER_POOL DEFAULT FLASH_CACHE DEFAULT CELL_FLASH_CACHE DEFAULT)
  TABLESPACE "USERS" ;
--------------------------------------------------------
--  DDL for Index SYS_C007732
--------------------------------------------------------

  CREATE UNIQUE INDEX "JREYNAPROGRAMACIONNCAPAS"."SYS_C007732" ON "JREYNAPROGRAMACIONNCAPAS"."USUARIOS" ("USERNAME") 
  PCTFREE 10 INITRANS 2 MAXTRANS 255 COMPUTE STATISTICS 
  STORAGE(INITIAL 65536 NEXT 1048576 MINEXTENTS 1 MAXEXTENTS 2147483645
  PCTINCREASE 0 FREELISTS 1 FREELIST GROUPS 1
  BUFFER_POOL DEFAULT FLASH_CACHE DEFAULT CELL_FLASH_CACHE DEFAULT)
  TABLESPACE "USERS" ;
--------------------------------------------------------
--  DDL for Index SYS_C007735
--------------------------------------------------------

  CREATE UNIQUE INDEX "JREYNAPROGRAMACIONNCAPAS"."SYS_C007735" ON "JREYNAPROGRAMACIONNCAPAS"."USUARIOS" ("EMAIL") 
  PCTFREE 10 INITRANS 2 MAXTRANS 255 COMPUTE STATISTICS 
  STORAGE(INITIAL 65536 NEXT 1048576 MINEXTENTS 1 MAXEXTENTS 2147483645
  PCTINCREASE 0 FREELISTS 1 FREELIST GROUPS 1
  BUFFER_POOL DEFAULT FLASH_CACHE DEFAULT CELL_FLASH_CACHE DEFAULT)
  TABLESPACE "USERS" ;
--------------------------------------------------------
--  Constraints for Table COLONIA
--------------------------------------------------------

  ALTER TABLE "JREYNAPROGRAMACIONNCAPAS"."COLONIA" MODIFY ("IDCOLONIA" NOT NULL ENABLE);
  ALTER TABLE "JREYNAPROGRAMACIONNCAPAS"."COLONIA" MODIFY ("NOMBRE" NOT NULL ENABLE);
  ALTER TABLE "JREYNAPROGRAMACIONNCAPAS"."COLONIA" MODIFY ("CODIGOPOSTAL" NOT NULL ENABLE);
  ALTER TABLE "JREYNAPROGRAMACIONNCAPAS"."COLONIA" ADD PRIMARY KEY ("IDCOLONIA")
  USING INDEX PCTFREE 10 INITRANS 2 MAXTRANS 255 
  STORAGE(INITIAL 65536 NEXT 1048576 MINEXTENTS 1 MAXEXTENTS 2147483645
  PCTINCREASE 0 FREELISTS 1 FREELIST GROUPS 1
  BUFFER_POOL DEFAULT FLASH_CACHE DEFAULT CELL_FLASH_CACHE DEFAULT)
  TABLESPACE "USERS"  ENABLE;
--------------------------------------------------------
--  Constraints for Table DIRECCION
--------------------------------------------------------

  ALTER TABLE "JREYNAPROGRAMACIONNCAPAS"."DIRECCION" MODIFY ("IDDIRECCION" NOT NULL ENABLE);
  ALTER TABLE "JREYNAPROGRAMACIONNCAPAS"."DIRECCION" MODIFY ("CALLE" NOT NULL ENABLE);
  ALTER TABLE "JREYNAPROGRAMACIONNCAPAS"."DIRECCION" MODIFY ("NUMEROEXTERIOR" NOT NULL ENABLE);
  ALTER TABLE "JREYNAPROGRAMACIONNCAPAS"."DIRECCION" ADD PRIMARY KEY ("IDDIRECCION")
  USING INDEX PCTFREE 10 INITRANS 2 MAXTRANS 255 
  STORAGE(INITIAL 65536 NEXT 1048576 MINEXTENTS 1 MAXEXTENTS 2147483645
  PCTINCREASE 0 FREELISTS 1 FREELIST GROUPS 1
  BUFFER_POOL DEFAULT FLASH_CACHE DEFAULT CELL_FLASH_CACHE DEFAULT)
  TABLESPACE "USERS"  ENABLE;
--------------------------------------------------------
--  Constraints for Table ESTADO
--------------------------------------------------------

  ALTER TABLE "JREYNAPROGRAMACIONNCAPAS"."ESTADO" MODIFY ("IDESTADO" NOT NULL ENABLE);
  ALTER TABLE "JREYNAPROGRAMACIONNCAPAS"."ESTADO" MODIFY ("NOMBRE" NOT NULL ENABLE);
  ALTER TABLE "JREYNAPROGRAMACIONNCAPAS"."ESTADO" ADD PRIMARY KEY ("IDESTADO")
  USING INDEX PCTFREE 10 INITRANS 2 MAXTRANS 255 
  STORAGE(INITIAL 65536 NEXT 1048576 MINEXTENTS 1 MAXEXTENTS 2147483645
  PCTINCREASE 0 FREELISTS 1 FREELIST GROUPS 1
  BUFFER_POOL DEFAULT FLASH_CACHE DEFAULT CELL_FLASH_CACHE DEFAULT)
  TABLESPACE "USERS"  ENABLE;
--------------------------------------------------------
--  Constraints for Table MUNICIPIO
--------------------------------------------------------

  ALTER TABLE "JREYNAPROGRAMACIONNCAPAS"."MUNICIPIO" MODIFY ("IDMUNICIPIO" NOT NULL ENABLE);
  ALTER TABLE "JREYNAPROGRAMACIONNCAPAS"."MUNICIPIO" MODIFY ("NOMBRE" NOT NULL ENABLE);
  ALTER TABLE "JREYNAPROGRAMACIONNCAPAS"."MUNICIPIO" ADD PRIMARY KEY ("IDMUNICIPIO")
  USING INDEX PCTFREE 10 INITRANS 2 MAXTRANS 255 
  STORAGE(INITIAL 65536 NEXT 1048576 MINEXTENTS 1 MAXEXTENTS 2147483645
  PCTINCREASE 0 FREELISTS 1 FREELIST GROUPS 1
  BUFFER_POOL DEFAULT FLASH_CACHE DEFAULT CELL_FLASH_CACHE DEFAULT)
  TABLESPACE "USERS"  ENABLE;
--------------------------------------------------------
--  Constraints for Table PAIS
--------------------------------------------------------

  ALTER TABLE "JREYNAPROGRAMACIONNCAPAS"."PAIS" MODIFY ("IDPAIS" NOT NULL ENABLE);
  ALTER TABLE "JREYNAPROGRAMACIONNCAPAS"."PAIS" MODIFY ("NOMBRE" NOT NULL ENABLE);
  ALTER TABLE "JREYNAPROGRAMACIONNCAPAS"."PAIS" ADD PRIMARY KEY ("IDPAIS")
  USING INDEX PCTFREE 10 INITRANS 2 MAXTRANS 255 
  STORAGE(INITIAL 65536 NEXT 1048576 MINEXTENTS 1 MAXEXTENTS 2147483645
  PCTINCREASE 0 FREELISTS 1 FREELIST GROUPS 1
  BUFFER_POOL DEFAULT FLASH_CACHE DEFAULT CELL_FLASH_CACHE DEFAULT)
  TABLESPACE "USERS"  ENABLE;
--------------------------------------------------------
--  Constraints for Table ROL
--------------------------------------------------------

  ALTER TABLE "JREYNAPROGRAMACIONNCAPAS"."ROL" MODIFY ("IDROL" NOT NULL ENABLE);
  ALTER TABLE "JREYNAPROGRAMACIONNCAPAS"."ROL" ADD PRIMARY KEY ("IDROL")
  USING INDEX PCTFREE 10 INITRANS 2 MAXTRANS 255 
  STORAGE(INITIAL 65536 NEXT 1048576 MINEXTENTS 1 MAXEXTENTS 2147483645
  PCTINCREASE 0 FREELISTS 1 FREELIST GROUPS 1
  BUFFER_POOL DEFAULT FLASH_CACHE DEFAULT CELL_FLASH_CACHE DEFAULT)
  TABLESPACE "USERS"  ENABLE;
--------------------------------------------------------
--  Constraints for Table USUARIOS
--------------------------------------------------------

  ALTER TABLE "JREYNAPROGRAMACIONNCAPAS"."USUARIOS" MODIFY ("IDUSER" NOT NULL ENABLE);
  ALTER TABLE "JREYNAPROGRAMACIONNCAPAS"."USUARIOS" ADD UNIQUE ("USERNAME")
  USING INDEX PCTFREE 10 INITRANS 2 MAXTRANS 255 COMPUTE STATISTICS 
  STORAGE(INITIAL 65536 NEXT 1048576 MINEXTENTS 1 MAXEXTENTS 2147483645
  PCTINCREASE 0 FREELISTS 1 FREELIST GROUPS 1
  BUFFER_POOL DEFAULT FLASH_CACHE DEFAULT CELL_FLASH_CACHE DEFAULT)
  TABLESPACE "USERS"  ENABLE;
  ALTER TABLE "JREYNAPROGRAMACIONNCAPAS"."USUARIOS" MODIFY ("USERNAME" NOT NULL ENABLE);
  ALTER TABLE "JREYNAPROGRAMACIONNCAPAS"."USUARIOS" MODIFY ("EMAIL" NOT NULL ENABLE);
  ALTER TABLE "JREYNAPROGRAMACIONNCAPAS"."USUARIOS" ADD UNIQUE ("EMAIL")
  USING INDEX PCTFREE 10 INITRANS 2 MAXTRANS 255 COMPUTE STATISTICS 
  STORAGE(INITIAL 65536 NEXT 1048576 MINEXTENTS 1 MAXEXTENTS 2147483645
  PCTINCREASE 0 FREELISTS 1 FREELIST GROUPS 1
  BUFFER_POOL DEFAULT FLASH_CACHE DEFAULT CELL_FLASH_CACHE DEFAULT)
  TABLESPACE "USERS"  ENABLE;
  ALTER TABLE "JREYNAPROGRAMACIONNCAPAS"."USUARIOS" MODIFY ("FECHANACIMIENTO" NOT NULL ENABLE);
  ALTER TABLE "JREYNAPROGRAMACIONNCAPAS"."USUARIOS" MODIFY ("SEXO" NOT NULL ENABLE);
  ALTER TABLE "JREYNAPROGRAMACIONNCAPAS"."USUARIOS" MODIFY ("APELLIDOPATERNO" NOT NULL ENABLE);
  ALTER TABLE "JREYNAPROGRAMACIONNCAPAS"."USUARIOS" MODIFY ("TELEFONO" NOT NULL ENABLE);
  ALTER TABLE "JREYNAPROGRAMACIONNCAPAS"."USUARIOS" ADD PRIMARY KEY ("IDUSER")
  USING INDEX PCTFREE 10 INITRANS 2 MAXTRANS 255 COMPUTE STATISTICS 
  STORAGE(INITIAL 65536 NEXT 1048576 MINEXTENTS 1 MAXEXTENTS 2147483645
  PCTINCREASE 0 FREELISTS 1 FREELIST GROUPS 1
  BUFFER_POOL DEFAULT FLASH_CACHE DEFAULT CELL_FLASH_CACHE DEFAULT)
  TABLESPACE "USERS"  ENABLE;
--------------------------------------------------------
--  Ref Constraints for Table COLONIA
--------------------------------------------------------

  ALTER TABLE "JREYNAPROGRAMACIONNCAPAS"."COLONIA" ADD FOREIGN KEY ("IDMUNICIPIO")
	  REFERENCES "JREYNAPROGRAMACIONNCAPAS"."MUNICIPIO" ("IDMUNICIPIO") ENABLE;
--------------------------------------------------------
--  Ref Constraints for Table DIRECCION
--------------------------------------------------------

  ALTER TABLE "JREYNAPROGRAMACIONNCAPAS"."DIRECCION" ADD FOREIGN KEY ("IDCOLONIA")
	  REFERENCES "JREYNAPROGRAMACIONNCAPAS"."COLONIA" ("IDCOLONIA") ENABLE;
  ALTER TABLE "JREYNAPROGRAMACIONNCAPAS"."DIRECCION" ADD FOREIGN KEY ("IDUSUARIO")
	  REFERENCES "JREYNAPROGRAMACIONNCAPAS"."USUARIOS" ("IDUSER") ENABLE;
--------------------------------------------------------
--  Ref Constraints for Table ESTADO
--------------------------------------------------------

  ALTER TABLE "JREYNAPROGRAMACIONNCAPAS"."ESTADO" ADD FOREIGN KEY ("IDPAIS")
	  REFERENCES "JREYNAPROGRAMACIONNCAPAS"."PAIS" ("IDPAIS") ENABLE;
--------------------------------------------------------
--  Ref Constraints for Table MUNICIPIO
--------------------------------------------------------

  ALTER TABLE "JREYNAPROGRAMACIONNCAPAS"."MUNICIPIO" ADD FOREIGN KEY ("IDESTADO")
	  REFERENCES "JREYNAPROGRAMACIONNCAPAS"."ESTADO" ("IDESTADO") ENABLE;
--------------------------------------------------------
--  Ref Constraints for Table USUARIOS
--------------------------------------------------------

  ALTER TABLE "JREYNAPROGRAMACIONNCAPAS"."USUARIOS" ADD FOREIGN KEY ("IDROL")
	  REFERENCES "JREYNAPROGRAMACIONNCAPAS"."ROL" ("IDROL") ENABLE;
